timestamp,open,high,low,close,volume
2025-08-22 02:30:00,113517.57,113517.57,113285.22,113293.84,6.492
2025-08-22 02:45:00,113293.84,113426.45,113142.85,113153.95,2.23291
2025-08-22 03:00:00,113153.95,113441.45,113117.2,113412.42,4.10123
2025-08-22 03:15:00,113368.73,113368.73,113195.89,113205.03,2.06567
2025-08-22 03:30:00,113205.03,113302.11,113091.13,113095.13,11.36392
2025-08-22 03:45:00,113105.57,113111.99,112882.9,112926.69,1.53107
2025-08-22 04:00:00,112929.24,113155.5,112929.23,113106.35,3.1369
2025-08-22 04:15:00,113106.36,113256.03,113038.69,113042.69,2.39299
2025-08-22 04:30:00,113047.77,113214.58,113004.84,113096.28,2.13877
2025-08-22 04:45:00,113086.74,113086.75,112713.83,112843.63,2.59414
2025-08-22 05:00:00,112847.63,113039.14,112709.86,113031.11,2.76873
2025-08-22 05:15:00,113031.1,113069.82,112880.43,112949.2,2.62212
2025-08-22 05:30:00,112949.99,113208.97,112909.97,113120.0,4.56173
2025-08-22 05:45:00,113120.0,113285.59,113119.99,113241.98,2.69254
2025-08-22 06:00:00,113241.99,113306.86,113054.74,113306.86,1.9801
2025-08-22 06:15:00,113306.86,113394.75,113192.81,113243.91,2.07417
2025-08-22 06:30:00,113243.92,113458.53,112844.0,112925.2,3.81732
2025-08-22 06:45:00,112925.2,113077.09,112857.31,112998.29,1.39732
2025-08-22 07:00:00,112998.29,113188.62,112955.92,113147.22,1.44484
2025-08-22 07:15:00,113147.23,113268.95,112950.0,113154.77,9.75776
2025-08-22 07:30:00,113162.33,115283.93,27141.92,113228.16,63.48337
2025-08-22 07:45:00,113228.17,113228.17,112986.44,113096.68,33.51865
2025-08-22 08:00:00,113096.68,113260.0,113050.25,113260.0,2.03542
2025-08-22 08:15:00,113260.22,116000.0,59000.0,113245.69,41.42205
2025-08-22 08:30:00,113245.69,113265.01,113000.0,113092.77,52.22909
2025-08-22 08:45:00,113092.77,113092.78,112952.21,112980.34,69.70454
2025-08-22 09:00:00,112980.34,113049.1,112855.55,112883.66,52.55767
2025-08-22 09:15:00,112883.66,213963.86,112856.11,112984.25,61.708
2025-08-22 09:30:00,112984.25,113054.87,112742.87,112887.86,56.34865
2025-08-22 09:45:00,112887.86,113128.0,39969.2,113049.66,92.09558
2025-08-22 10:00:00,113049.66,113060.0,46916.31,112781.39,76.26608
2025-08-22 10:15:00,112692.33,112781.39,90000.0,112714.86,59.72202
2025-08-22 10:30:00,112714.87,112714.87,90000.0,112595.62,43.89463
2025-08-22 10:45:00,112595.63,112639.41,112513.89,112534.53,1.94457
2025-08-22 11:00:00,112534.53,112629.4,26250.0,112328.7,25.25987
2025-08-22 11:15:00,112328.7,112671.69,55945.72,112278.06,48.1816
2025-08-22 11:30:00,112278.06,112347.64,26237.88,112255.15,20.62791
2025-08-22 11:45:00,112255.14,112576.8,112252.75,112320.01,2.76685
2025-08-22 12:00:00,112320.0,112363.88,26250.0,112070.85,10.07975
2025-08-22 12:15:00,112070.85,112134.33,112006.49,112052.02,11.73287
2025-08-22 12:30:00,112045.12,172035.5,111696.6,112281.43,21.64774
2025-08-22 12:45:00,112281.43,112704.5,112053.18,112334.88,26.50863
2025-08-22 13:00:00,112341.49,112540.0,112179.79,112209.33,8.12725
2025-08-22 13:15:00,112209.32,112345.2,112063.35,112293.19,5.44324
2025-08-22 13:30:00,112290.91,112630.25,110898.55,112425.84,10.79022
2025-08-22 13:45:00,112425.84,112662.27,112351.99,112453.28,21.22807
2025-08-22 14:00:00,112453.28,130641.51,112453.28,115144.95,46.58594
2025-08-22 14:15:00,115144.95,118984.63,114657.27,115189.98,11.34963
2025-08-22 14:30:00,115189.97,116071.7,115189.97,115738.69,18.37149
2025-08-22 14:45:00,115738.69,116141.89,115738.68,115865.24,7.1975
2025-08-22 15:00:00,115865.25,133512.2,115865.24,116642.48,3.7073
2025-08-22 15:15:00,116642.47,116984.17,116622.0,116705.08,3.50138
2025-08-22 15:30:00,116705.08,116963.98,116683.64,116963.98,2.22101
2025-08-22 15:45:00,116963.99,117279.11,116396.48,116396.48,3.71607
2025-08-22 16:00:00,116396.48,116740.0,116391.37,116615.99,0.89351
2025-08-22 16:15:00,116615.99,116616.0,116142.58,116363.7,4.24441
2025-08-22 16:30:00,116363.71,116533.14,116363.71,116448.0,1.85938
2025-08-22 16:45:00,116460.0,116460.0,116125.73,116160.97,1.07955
2025-08-22 17:00:00,116160.98,116734.01,116160.97,116734.01,7.16989
2025-08-22 17:15:00,116734.01,117018.5,116734.0,116948.59,5.20237
2025-08-22 17:30:00,116948.59,116948.59,116548.01,116757.61,9.96194
2025-08-22 17:45:00,116757.61,117029.74,116688.0,117029.73,4.99786
2025-08-22 18:00:00,117029.74,170000.0,117024.0,117409.59,7.19743
2025-08-22 18:15:00,117409.58,132988.6,116836.24,116881.67,7.5494
2025-08-22 18:30:00,116881.66,117124.43,116881.66,116918.6,8.81321
2025-08-22 18:45:00,116918.59,116918.6,116750.0,116805.26,3.98669
2025-08-22 19:00:00,116805.26,116900.0,116743.26,116870.28,5.92897
2025-08-22 19:15:00,116870.28,116900.0,116739.58,116739.58,3.80786
2025-08-22 19:30:00,116739.59,116776.09,116626.8,116692.53,0.85231
2025-08-22 19:45:00,116692.52,116740.0,116520.0,116659.99,1.76237
2025-08-22 20:00:00,116660.0,116899.99,116591.44,116899.99,0.89971
2025-08-22 20:15:00,116846.8,135473.87,116846.8,117100.0,11.62482
2025-08-22 20:30:00,117099.99,135000.0,116898.99,117042.6,6.98259
2025-08-22 20:45:00,117042.61,117042.61,116874.86,116978.49,3.87212
2025-08-22 21:00:00,117052.64,117065.15,116872.93,116881.67,2.26825
2025-08-22 21:15:00,116881.67,117026.76,116292.41,116976.01,1.85337
2025-08-22 21:30:00,116976.01,117042.23,116905.68,117030.42,1.72054
2025-08-22 21:45:00,117030.43,117174.43,116980.2,117004.0,2.05496
2025-08-22 22:00:00,117027.75,117057.14,116754.93,116784.12,2.41293
2025-08-22 22:15:00,116784.11,116850.0,116559.33,116625.61,1.924
2025-08-22 22:30:00,116625.6,116745.17,116551.05,116664.27,6.09407
2025-08-22 22:45:00,116664.27,116776.08,116664.26,116748.56,1.3623
2025-08-22 23:00:00,116757.17,116822.0,116676.79,116676.79,1.29263
2025-08-22 23:15:00,116674.51,116744.52,116674.51,116743.38,0.25507
2025-08-22 23:30:00,116743.52,116897.84,116743.51,116851.3,2.17761
2025-08-22 23:45:00,116893.91,116937.55,116840.01,116935.99,0.21799
2025-08-23 00:00:00,116935.99,116953.06,25000.0,116745.15,8.92256
2025-08-23 00:15:00,116745.15,116998.2,116735.99,116927.68,1.80618
2025-08-23 00:30:00,116951.34,117030.0,116840.0,116840.0,2.68408
2025-08-23 00:45:00,116840.0,116976.78,116651.23,116870.22,8.82692
2025-08-23 01:00:00,116870.22,116882.16,116776.08,116826.4,2.32396
2025-08-23 01:15:00,116826.4,116826.4,116583.97,116583.97,0.79417
2025-08-23 01:30:00,116579.97,116642.16,116305.99,116305.99,1.44205
2025-08-23 01:45:00,116310.0,116489.41,116309.99,116453.59,4.63191
2025-08-23 02:00:00,116453.58,116516.73,116183.97,116228.85,2.05839
2025-08-23 02:15:00,116228.85,116274.67,115874.41,115882.01,3.32551
2025-08-23 02:30:00,115882.01,115997.61,115507.98,115860.63,4.37725
2025-08-23 02:45:00,115860.63,116134.21,115770.54,115919.3,1.9361
2025-08-23 03:00:00,115919.29,116029.54,115708.18,116003.82,13.95956
2025-08-23 03:15:00,116003.82,116003.83,115628.69,115739.98,7.83309
2025-08-23 03:30:00,115720.25,115720.25,25000.0,115474.81,8.79602
2025-08-23 03:45:00,115474.8,115647.29,115458.21,115568.95,4.18423
2025-08-23 04:00:00,115568.77,115779.12,115551.2,115769.58,4.61317
2025-08-23 04:15:00,115769.58,115778.14,115658.45,115720.0,4.72083
2025-08-23 04:30:00,115719.99,115963.45,115719.99,115859.99,3.72931
2025-08-23 04:45:00,115859.99,115926.75,115778.94,115924.5,2.74268
2025-08-23 05:00:00,115926.76,115963.63,115800.01,115894.0,1.93736
2025-08-23 05:15:00,115881.17,115997.19,115857.63,115951.23,1.83468
2025-08-23 05:30:00,115951.22,116029.13,115934.13,116007.97,1.89529
2025-08-23 05:45:00,115990.35,116034.53,115899.99,115960.05,1.8194
2025-08-23 06:00:00,115954.51,116015.69,115841.16,115841.37,2.15912
2025-08-23 06:15:00,115841.36,115873.17,115751.54,115751.54,4.22501
2025-08-23 06:30:00,115751.55,115852.11,115748.01,115748.02,5.07657
2025-08-23 06:45:00,115748.01,115818.51,115720.24,115780.01,3.15686
2025-08-23 07:00:00,115781.15,115900.64,115676.08,115860.0,7.33479
2025-08-23 07:15:00,115860.0,115892.83,115717.52,115717.52,2.32238
2025-08-23 07:30:00,115717.52,115928.0,115669.76,115895.2,4.69067
2025-08-23 07:45:00,115895.21,115895.21,115764.06,115775.12,8.55317
2025-08-23 08:00:00,115812.01,115861.8,115812.01,115826.58,8.65865
2025-08-23 08:15:00,115826.58,115856.26,115609.04,115671.98,6.13537
2025-08-23 08:30:00,115662.88,115819.62,115607.46,115819.11,14.528
2025-08-23 08:45:00,115819.11,115857.3,115746.11,115746.11,0.98247
2025-08-23 09:00:00,115746.12,115782.03,115640.0,115648.0,9.70683
2025-08-23 09:15:00,115648.01,115648.01,115605.27,115609.99,7.39761
2025-08-23 09:30:00,115610.0,115701.58,115609.99,115683.99,3.87297
2025-08-23 09:45:00,115683.99,115765.82,115620.67,115765.81,6.69233
2025-08-23 10:00:00,115765.81,115770.01,115650.08,115684.97,1.40005
2025-08-23 10:15:00,115665.15,115665.16,115434.72,115608.91,8.56412
2025-08-23 10:30:00,115601.97,115626.2,115600.0,115616.63,3.42326
2025-08-23 10:45:00,115616.63,115616.63,115575.72,115575.73,1.17908
2025-08-23 11:00:00,115575.72,115606.25,115515.69,115574.95,1.21512
2025-08-23 11:15:00,115574.95,115616.63,115531.16,115531.17,10.02279
2025-08-23 11:30:00,115531.16,115568.6,115457.99,115457.99,9.39309
2025-08-23 11:45:00,115457.99,115496.31,115223.43,115249.36,13.43013
2025-08-23 12:00:00,115249.36,115451.35,115200.0,115419.89,11.19835
2025-08-23 12:15:00,115419.88,115655.18,115238.46,115353.06,8.99961
2025-08-23 12:30:00,115353.05,115601.61,115238.46,115410.36,9.25771
2025-08-23 12:45:00,115410.36,115415.46,115181.08,115213.59,8.86703
2025-08-23 13:00:00,115213.6,115213.6,114996.53,115179.17,9.27162
2025-08-23 13:15:00,115179.17,115189.25,115000.01,115000.01,10.71694
2025-08-23 13:30:00,115000.01,115019.06,114737.99,114948.39,10.55538
2025-08-23 13:45:00,114948.38,115525.36,114806.2,114864.92,12.48191
2025-08-23 14:00:00,114864.92,114940.36,114810.72,114923.25,9.91946
2025-08-23 14:15:00,114923.25,115067.43,114860.81,115037.42,13.26503
2025-08-23 14:30:00,115037.42,115081.59,114679.15,114742.89,11.26508
2025-08-23 14:45:00,114742.9,114803.13,114620.0,114621.48,11.41723
2025-08-23 15:00:00,114621.48,114740.54,114560.0,114727.1,11.45346
2025-08-23 15:15:00,114727.1,114909.75,114719.77,114905.51,18.27575
2025-08-23 15:30:00,114905.5,114954.0,114837.21,114898.99,14.48687
2025-08-23 15:45:00,114899.0,114928.0,114800.79,114832.01,6.74093
2025-08-23 16:00:00,114832.0,114832.0,114689.18,114724.94,3.32552
2025-08-23 16:15:00,114724.93,114965.97,30000.0,114867.59,11.34564
2025-08-23 16:30:00,114867.59,114883.28,114766.76,114796.08,4.40068
2025-08-23 16:45:00,114796.08,118861.55,114685.48,115019.99,7.6049
2025-08-23 17:00:00,115020.0,115379.88,115000.91,115124.81,25.11183
2025-08-23 17:15:00,115124.8,115124.81,50000.0,114985.91,37.0269
2025-08-23 17:30:00,114985.91,115145.46,73694.52,115093.41,20.20252
2025-08-23 17:45:00,115093.4,115115.96,115070.81,115083.59,10.31179
2025-08-23 18:00:00,115087.96,115179.99,50000.0,115144.01,16.12429
2025-08-23 18:15:00,115149.44,115181.1,115064.17,115067.36,10.33424
2025-08-23 18:30:00,115067.36,115136.3,115035.11,115136.3,8.91088
2025-08-23 18:45:00,115147.71,115190.29,115115.43,115145.76,15.63656
2025-08-23 19:00:00,115145.76,115173.86,115085.35,115085.35,3.29345
2025-08-23 19:15:00,115085.34,115134.81,115056.32,115089.41,8.31275
2025-08-23 19:30:00,115089.41,115189.41,115067.87,115080.32,13.73264
2025-08-23 19:45:00,115078.36,115161.27,115078.35,115133.91,8.25271
2025-08-23 20:00:00,115133.91,115166.4,115108.23,115133.88,7.34582
2025-08-23 20:15:00,115133.87,115213.61,115127.64,115213.61,7.34371
2025-08-23 20:30:00,115226.3,115283.84,115003.79,115158.0,24.808
2025-08-23 20:45:00,115156.04,115325.82,115138.55,115325.82,9.76873
2025-08-23 21:00:00,115325.82,115325.82,115044.46,115111.87,9.4653
2025-08-23 21:15:00,115104.0,115119.96,115077.27,115077.28,1.43361
2025-08-23 21:30:00,115077.27,115077.27,115001.88,115062.44,3.03026
2025-08-23 21:45:00,115062.45,115213.02,115028.0,115028.0,8.39166
2025-08-23 22:00:00,115028.01,115279.26,115028.0,115244.37,7.28315
2025-08-23 22:15:00,115244.37,115274.7,115236.47,115256.99,5.91532
2025-08-23 22:30:00,115257.0,115278.73,115252.21,115252.22,9.99267
2025-08-23 22:45:00,115252.22,115317.86,115243.44,115317.85,2.6532
2025-08-23 23:00:00,115317.86,115321.78,115254.9,115254.9,5.06701
2025-08-23 23:15:00,115246.25,115306.02,115246.24,115273.29,2.26344
2025-08-23 23:30:00,115273.29,115306.01,115244.7,115300.01,3.28076
2025-08-23 23:45:00,115300.01,115449.04,115300.0,115438.05,7.12455
2025-08-24 00:00:00,115438.06,115438.06,115315.33,115359.99,6.34168
2025-08-24 00:15:00,115377.31,115421.72,115345.08,115421.72,3.51341
2025-08-24 00:30:00,115421.72,115549.44,115396.3,115481.07,11.41236
2025-08-24 00:45:00,115481.08,115481.08,115342.95,115375.36,3.00107
2025-08-24 01:00:00,115375.36,115438.99,115266.57,115365.12,6.1563
2025-08-24 01:15:00,115374.64,115415.34,115198.02,115292.75,5.37808
2025-08-24 01:30:00,115292.74,115500.0,115264.5,115500.0,3.35306
2025-08-24 01:45:00,115500.0,115584.09,115463.41,115473.99,4.31292
2025-08-24 02:00:00,115473.99,115666.68,115419.54,115601.05,2.76711
2025-08-24 02:15:00,115623.67,115623.68,115461.02,115519.96,6.3981
2025-08-24 02:30:00,115519.97,115549.44,115189.0,115210.21,1.34427
2025-08-24 02:45:00,115210.22,115214.7,115005.15,115005.16,2.71549
2025-08-24 03:00:00,115005.15,115154.79,114940.01,115097.92,1.84612
2025-08-24 03:15:00,115097.91,115097.92,114957.08,114987.84,1.51771
2025-08-24 03:30:00,114987.85,115040.0,114759.99,114977.3,4.74223
2025-08-24 03:45:00,114977.29,115149.71,114943.94,115039.99,1.34845
2025-08-24 04:00:00,115036.0,115282.08,115036.0,115237.7,2.99276
2025-08-24 04:15:00,115217.39,115283.21,115182.88,115210.96,1.68488
2025-08-24 04:30:00,115229.55,115229.55,115089.5,115123.66,4.6783
2025-08-24 04:45:00,115123.66,115149.64,115095.42,115138.97,1.30889
2025-08-24 05:00:00,115174.29,115206.55,115108.68,115137.93,4.16226
2025-08-24 05:15:00,115137.93,115162.0,115075.64,115076.94,1.15618
2025-08-24 05:30:00,115076.93,115076.94,114355.94,114961.83,8.2128
2025-08-24 05:45:00,114961.83,115014.4,114932.06,114996.01,3.20567
2025-08-24 06:00:00,114996.0,115009.37,114904.75,114949.1,3.58079
2025-08-24 06:15:00,114949.1,115062.77,114862.19,115012.28,9.1032
2025-08-24 06:30:00,115012.29,115038.03,114932.22,115014.48,5.53192
2025-08-24 06:45:00,115013.88,115013.89,114846.14,114862.4,7.2961
2025-08-24 07:00:00,114862.39,114968.1,114532.06,114951.5,16.52121
2025-08-24 07:15:00,114951.5,115011.0,114873.83,115011.0,10.41586
2025-08-24 07:30:00,115010.99,115124.86,113922.0,115000.0,12.3186
2025-08-24 07:45:00,115000.0,115000.01,114888.19,114888.2,12.7005
2025-08-24 08:00:00,114888.19,115131.3,114773.27,114885.52,8.69238
2025-08-24 08:15:00,114883.39,114926.2,114766.9,114807.84,10.77312
2025-08-24 08:30:00,114807.84,114856.0,114750.54,114762.72,9.70843
2025-08-24 08:45:00,114762.71,114838.19,114756.0,114836.43,10.15413
2025-08-24 09:00:00,114836.43,114876.4,114680.0,114680.0,11.28803
2025-08-24 09:15:00,114680.0,114846.3,114679.99,114823.38,12.88816
2025-08-24 09:30:00,114823.39,115060.98,114823.38,115016.8,14.79161
2025-08-24 09:45:00,115016.8,115016.81,114841.16,114841.17,14.35565
2025-08-24 10:00:00,114841.16,114920.01,114721.86,114831.58,16.54785
2025-08-24 10:15:00,114829.54,114829.55,114687.04,114751.81,11.07078
2025-08-24 10:30:00,114751.8,114860.0,114600.0,114860.0,14.68691
2025-08-24 10:45:00,114859.99,114956.66,114772.01,114796.53,11.51312
2025-08-24 11:00:00,114796.53,114888.74,114722.56,114776.98,8.71496
2025-08-24 11:15:00,114776.97,115380.0,114620.13,114636.01,9.20773
2025-08-24 11:30:00,114636.02,114694.6,114635.63,114655.86,13.03927
2025-08-24 11:45:00,114655.85,114762.05,114655.85,114730.22,10.13445
2025-08-24 12:00:00,114730.21,114833.15,114701.35,114811.55,12.17932
2025-08-24 12:15:00,114800.0,114823.97,114661.47,114661.47,10.07311
2025-08-24 12:30:00,114661.48,114738.88,114521.82,114658.19,12.86178
2025-08-24 12:45:00,114647.89,114688.71,114604.64,114680.31,10.23531
2025-08-24 13:00:00,114680.31,114687.8,114629.56,114660.79,11.10757
2025-08-24 13:15:00,114660.8,114869.41,114654.04,114654.04,17.29276
2025-08-24 13:30:00,114654.04,114772.9,114604.11,114643.2,15.67457
2025-08-24 13:45:00,114643.19,114772.88,114555.0,114555.01,14.84433
2025-08-24 14:00:00,114555.01,114564.69,114350.57,114400.01,14.8789
2025-08-24 14:15:00,114400.0,114600.0,114278.03,114467.43,17.38846
2025-08-24 14:30:00,114467.43,114508.0,114367.2,114437.71,9.98684
2025-08-24 14:45:00,114437.7,114650.13,114437.7,114521.45,15.08376
2025-08-24 15:00:00,114521.44,115908.24,114461.99,114698.22,18.47586
2025-08-24 15:15:00,114697.22,114867.37,114470.43,114631.36,26.66203
2025-08-24 15:30:00,114631.36,114773.28,114409.74,114646.08,19.86326
2025-08-24 15:45:00,114646.08,114646.08,114403.95,114404.65,9.45678
2025-08-24 16:00:00,114404.66,114527.47,114360.01,114523.46,9.84827
2025-08-24 16:15:00,114515.03,118861.55,113508.24,114423.51,13.43913
2025-08-24 16:30:00,114423.51,114477.0,114394.41,114398.16,4.50537
2025-08-24 16:45:00,114392.56,114402.47,114275.09,114275.1,4.08012
2025-08-24 17:00:00,114275.09,114535.07,114244.71,114442.22,14.73587
2025-08-24 17:15:00,114459.49,114511.72,114277.35,114284.61,2.18088
2025-08-24 17:30:00,114284.6,114554.18,114276.98,114500.01,1.35457
2025-08-24 17:45:00,114531.48,114541.93,114308.34,114426.66,1.51608
2025-08-24 18:00:00,114426.66,114723.94,114301.42,114723.94,4.53268
2025-08-24 18:15:00,114738.98,116901.57,114461.62,114657.83,8.05848
2025-08-24 18:30:00,114657.83,114982.97,114647.99,114782.97,15.70862
2025-08-24 18:45:00,114782.96,114787.87,114535.52,114635.02,1.36952
2025-08-24 19:00:00,114635.02,114660.37,114552.24,114552.25,1.51423
2025-08-24 19:15:00,114572.19,114715.24,114501.75,114715.23,6.11822
2025-08-24 19:30:00,114715.24,114790.75,111144.11,113027.99,33.98687
2025-08-24 19:45:00,113028.0,118861.55,111108.24,112582.0,6.58263
2025-08-24 20:00:00,112581.99,112600.0,111665.91,112151.97,5.68331
2025-08-24 20:15:00,112151.98,112944.74,112112.37,112847.36,6.87663
2025-08-24 20:30:00,112847.36,112987.88,112575.86,112987.88,4.70831
2025-08-24 20:45:00,112987.88,112987.88,112550.55,112760.24,6.46147
2025-08-24 21:00:00,112760.23,112813.06,111713.49,112657.28,6.96438
2025-08-24 21:15:00,112657.29,112912.39,112595.21,112894.11,1.8758
2025-08-24 21:30:00,112897.29,113388.67,112894.1,113002.8,5.75601
2025-08-24 21:45:00,113002.81,113198.58,112928.6,112948.0,4.54067
2025-08-24 22:00:00,112981.26,113133.68,112779.98,112921.09,6.10138
2025-08-24 22:15:00,112921.09,118801.01,112614.42,112662.4,12.77582
2025-08-24 22:30:00,112662.4,118861.55,112662.4,113361.06,18.50958
2025-08-24 22:45:00,113361.06,113530.58,113226.64,113465.28,10.09107
2025-08-24 23:00:00,113465.28,113564.11,113366.49,113432.58,16.67879
2025-08-24 23:15:00,113432.57,113731.35,113432.57,113648.26,10.71898
2025-08-24 23:30:00,113648.25,113680.17,113463.85,113611.66,6.34413
2025-08-24 23:45:00,113611.66,113660.0,113400.01,113483.29,5.5329
2025-08-25 00:00:00,113483.28,113505.57,113360.19,113429.64,5.30896
2025-08-25 00:15:00,113429.64,113480.0,113072.56,113077.98,10.60983
2025-08-25 00:30:00,113077.98,113086.63,112159.0,112284.36,10.35347
2025-08-25 00:45:00,112284.36,112662.53,112173.11,112618.52,5.19242
2025-08-25 01:00:00,112618.51,200000.0,112618.51,112804.01,7.10533
2025-08-25 01:15:00,112804.01,113140.0,112640.67,113020.16,4.47326
2025-08-25 01:30:00,112984.96,113044.01,112725.31,112725.31,5.51084
2025-08-25 01:45:00,112725.3,119802.02,112718.75,113066.94,8.20516
2025-08-25 02:00:00,113066.94,113374.99,113066.94,113374.99,3.91807
2025-08-25 02:15:00,113375.0,113620.01,113304.54,113429.81,5.39322
2025-08-25 02:30:00,113429.8,113519.76,113318.5,113326.51,14.70206
2025-08-25 02:45:00,113326.51,113492.49,113304.55,113435.03,2.7518
2025-08-25 03:00:00,113435.03,113664.0,113336.4,113407.82,4.62052
2025-08-25 03:15:00,113407.82,113561.69,113327.34,113397.92,1.46556
2025-08-25 03:30:00,113371.81,113467.16,113282.82,113358.36,1.56487
2025-08-25 03:45:00,113348.38,113378.82,112916.83,112916.84,4.2379
2025-08-25 04:00:00,112916.83,113058.17,112857.99,112857.99,2.22482
2025-08-25 04:15:00,112858.0,112944.73,112650.78,112699.99,3.47575
2025-08-25 04:30:00,112707.62,112800.92,112611.78,112778.66,1.1516
2025-08-25 04:45:00,112778.66,112843.59,112635.06,112764.01,1.43615
2025-08-25 05:00:00,112764.0,112857.78,112531.3,112561.8,4.49711
2025-08-25 05:15:00,112561.81,112650.32,112507.37,112534.19,1.67099
2025-08-25 05:30:00,112534.19,112603.35,112399.99,112457.12,8.73568
2025-08-25 05:45:00,112457.13,112621.27,112319.1,112343.62,9.22924
2025-08-25 06:00:00,112343.63,112407.99,112246.58,112261.45,3.43197
2025-08-25 06:15:00,112261.45,112452.28,112181.31,112249.73,6.35819
2025-08-25 06:30:00,112249.74,112322.78,112042.79,112052.43,2.54472
2025-08-25 06:45:00,112052.42,112066.73,111765.74,111929.87,4.44261
2025-08-25 07:00:00,111929.87,112065.91,111814.0,112053.32,1.95306
2025-08-25 07:15:00,112053.33,112149.62,111892.38,111913.28,1.32397
2025-08-25 07:30:00,111903.09,111949.54,111473.55,111875.99,4.78576
2025-08-25 07:45:00,111854.01,111868.81,111362.85,111517.06,4.72606
2025-08-25 08:00:00,111517.06,111610.42,111070.01,111610.42,7.1318
2025-08-25 08:15:00,111615.07,111786.78,111602.65,111656.53,7.01796
2025-08-25 08:30:00,111656.53,111802.72,111544.08,111568.49,9.91474
2025-08-25 08:45:00,111568.48,111682.56,111416.86,111424.79,2.15254
2025-08-25 09:00:00,111424.79,111464.11,111264.49,111392.0,1.93363
2025-08-25 09:15:00,111392.0,111677.44,111391.99,111477.8,6.20217
2025-08-25 09:30:00,111477.81,111673.13,111408.58,111657.22,3.57531
2025-08-25 09:45:00,111653.22,111850.13,111620.0,111800.01,2.73552
2025-08-25 10:00:00,111800.0,111800.01,111650.01,111650.01,1.70046
2025-08-25 10:15:00,111650.0,111719.99,111103.87,111224.94,8.7129
2025-08-25 10:30:00,111224.94,111406.0,111066.86,111236.63,3.19503
2025-08-25 10:45:00,111236.64,111236.64,110946.33,110984.04,4.39967
2025-08-25 11:00:00,110984.04,111147.74,110949.69,111131.55,6.7947
2025-08-25 11:15:00,111130.86,111172.0,110999.99,111076.72,7.97472
2025-08-25 11:30:00,111076.73,111269.74,110868.33,111098.57,15.56627
2025-08-25 11:45:00,111102.58,111358.59,111102.58,111207.99,38.65579
2025-08-25 12:00:00,111207.99,111406.0,109036.77,111200.01,65.09844
2025-08-25 12:15:00,111200.01,111714.01,111019.54,111681.72,87.99121
2025-08-25 12:30:00,111681.72,111681.72,111336.1,111606.67,4.35141
2025-08-25 12:45:00,111606.68,111611.58,111407.98,111598.67,5.90112
2025-08-25 13:00:00,111598.67,111598.68,111346.56,111507.99,6.11247
2025-08-25 13:15:00,111507.99,111742.2,111316.88,111640.0,19.54862
2025-08-25 13:30:00,111640.0,111670.82,110815.0,110815.01,14.88692
2025-08-25 13:45:00,110815.0,234689.16,30000.0,111487.56,17.79366
2025-08-25 14:00:00,111487.57,112025.49,111345.91,111818.17,108.87502
2025-08-25 14:15:00,111818.18,112200.0,111818.17,111897.28,2.75194
2025-08-25 14:30:00,111897.28,112225.33,111830.26,112038.61,7.1209
2025-08-25 14:45:00,112038.61,112289.25,112038.6,112260.78,8.71354
2025-08-25 15:00:00,112260.79,112399.49,111860.76,111963.38,2.96596
2025-08-25 15:15:00,111963.39,112560.01,111963.38,112438.0,3.04503
2025-08-25 15:30:00,112438.01,112531.15,112260.87,112416.55,3.15957
2025-08-25 15:45:00,112416.56,112416.56,112128.22,112180.47,3.91777
2025-08-25 16:00:00,112180.48,112584.0,90000.0,112583.99,7.8299
2025-08-25 16:15:00,112584.0,112936.88,112580.0,112645.65,2.21106
2025-08-25 16:30:00,112645.66,112821.22,112475.24,112688.28,5.06429
2025-08-25 16:45:00,112688.29,112797.14,90000.0,112517.73,6.0529
2025-08-25 17:00:00,112517.73,112609.27,90000.0,112511.9,6.05777
2025-08-25 17:15:00,112511.91,112800.0,112355.82,112718.99,5.19684
2025-08-25 17:30:00,112719.0,114066.07,112369.99,112453.96,4.38774
2025-08-25 17:45:00,112453.97,112565.84,112283.06,112390.17,13.52006
2025-08-25 18:00:00,112390.18,112480.01,112183.57,112426.06,12.84886
2025-08-25 18:15:00,112426.07,112618.89,112426.06,112574.52,1.17412
2025-08-25 18:30:00,112574.53,112574.53,112218.0,112293.46,2.63317
2025-08-25 18:45:00,112293.47,112470.37,112293.46,112413.48,1.50489
2025-08-25 19:00:00,112413.49,112430.16,112177.76,112177.76,0.80678
2025-08-25 19:15:00,112177.77,112177.77,111766.0,111944.67,0.81014
2025-08-25 19:30:00,111944.68,111949.05,111080.0,111133.11,1.67246
2025-08-25 19:45:00,111133.12,111535.1,49956.99,110679.68,7.36723
2025-08-25 20:00:00,110679.69,113151.79,49956.99,110045.54,9.80937
2025-08-25 20:15:00,110045.55,111027.6,49955.99,110522.64,22.70486
2025-08-25 20:30:00,110522.65,110529.82,109444.0,109928.45,2.53394
2025-08-25 20:45:00,109928.46,110424.28,49952.0,109650.0,17.31734
2025-08-25 21:00:00,109646.0,109915.82,109314.76,109477.91,20.04539
2025-08-25 21:15:00,109477.92,109896.63,109335.14,109508.57,2.11924
2025-08-25 21:30:00,109508.58,110271.86,109280.0,110073.87,9.67234
2025-08-25 21:45:00,110073.88,110280.5,109888.0,109888.0,2.29865
2025-08-25 22:00:00,109888.01,110133.04,109888.0,110016.2,0.65181
2025-08-25 22:15:00,110016.21,110369.39,109961.85,110361.96,4.17658
2025-08-25 22:30:00,110361.97,110592.73,110340.0,110573.65,1.27784
2025-08-25 22:45:00,110573.65,110599.98,110126.12,110153.23,2.52331
2025-08-25 23:00:00,110153.24,110168.36,109859.03,110052.77,2.52629
2025-08-25 23:15:00,110052.77,110101.21,109800.0,109934.01,6.89573
2025-08-25 23:30:00,109934.02,121269.88,109903.63,110157.38,18.47605
2025-08-25 23:45:00,110160.0,110260.02,110071.07,110111.97,0.50139
2025-08-26 00:00:00,110111.98,110111.98,109310.25,109708.94,15.77578
2025-08-26 00:15:00,109708.95,109816.56,49952.0,109659.99,12.44269
2025-08-26 00:30:00,109660.0,110212.24,109304.88,109304.88,8.08136
2025-08-26 00:45:00,109304.89,109647.65,108926.91,109137.47,10.67186
2025-08-26 01:00:00,109100.24,109766.9,108792.0,109397.29,7.1013
2025-08-26 01:15:00,109397.3,109810.4,109319.59,109750.0,5.81058
2025-08-26 01:30:00,109750.0,109819.9,109535.24,109622.82,20.57135
2025-08-26 01:45:00,109622.83,109939.38,109613.99,109893.89,19.78283
2025-08-26 02:00:00,109893.9,110012.84,109704.36,109991.42,16.90337
2025-08-26 02:15:00,109991.43,109991.43,109686.03,109839.99,8.8049
2025-08-26 02:30:00,109840.0,109880.0,109551.91,109642.99,6.32127
2025-08-26 02:45:00,109643.0,109800.13,109529.68,109710.95,8.77682
2025-08-26 03:00:00,109710.96,109747.14,109541.96,109578.63,10.55243
2025-08-26 03:15:00,109578.62,109964.1,109440.01,109777.03,16.05958
2025-08-26 03:30:00,109777.04,109927.99,109777.03,109850.01,1.61767
2025-08-26 03:45:00,109866.02,109901.68,109813.31,109879.56,7.94993
2025-08-26 04:00:00,109879.57,110175.42,109879.56,110174.61,3.20231
2025-08-26 04:15:00,110174.62,110190.88,109979.22,110159.99,2.91183
2025-08-26 04:30:00,110160.0,110228.0,110006.59,110025.01,1.76297
2025-08-26 04:45:00,110033.94,110148.83,109957.07,110105.99,5.6145
2025-08-26 05:00:00,110101.75,110270.03,110091.22,110246.45,0.65476
2025-08-26 05:15:00,110246.44,110254.11,110165.64,110165.79,0.53892
2025-08-26 05:30:00,110165.79,110315.61,110095.99,110311.61,0.87101
2025-08-26 05:45:00,110309.61,110375.58,110204.67,110204.67,0.54337
2025-08-26 06:00:00,110196.0,110324.96,110109.16,110260.0,0.97721
2025-08-26 06:15:00,110273.74,110320.01,49952.0,110044.06,4.13646
2025-08-26 06:30:00,110036.76,110092.0,109971.79,110019.75,0.85886
2025-08-26 06:45:00,110006.32,110090.41,109410.38,109988.18,2.35773
2025-08-26 07:00:00,109988.17,110056.0,109781.35,109812.94,7.98994
2025-08-26 07:15:00,109812.93,109991.42,109765.93,109957.99,1.1023
2025-08-26 07:30:00,109975.84,110523.11,109950.29,110309.6,8.97433
2025-08-26 07:45:00,110309.6,116587.43,110205.67,110303.2,2.87345
2025-08-26 08:00:00,110303.2,110441.73,110205.68,110285.52,2.13786
2025-08-26 08:15:00,110280.01,233379.19,110000.01,110061.05,5.14267
2025-08-26 08:30:00,110074.45,110144.99,110014.44,110144.99,1.6889
2025-08-26 08:45:00,110144.99,110413.54,110095.01,110102.03,1.77591
2025-08-26 09:00:00,110102.02,110322.5,102812.77,110234.12,3.78695
2025-08-26 09:15:00,110265.86,110413.54,110236.3,110323.51,2.10785
2025-08-26 09:30:00,110323.52,110359.99,110052.88,110069.6,2.55085
2025-08-26 09:45:00,110072.98,110145.61,110037.51,110145.61,0.84786
2025-08-26 10:00:00,110152.89,110366.0,110064.12,110365.99,2.82078
2025-08-26 10:15:00,110366.0,110413.54,110260.01,110334.74,3.06067
2025-08-26 10:30:00,110334.75,110379.32,110289.33,110320.0,0.56482
2025-08-26 10:45:00,110358.77,110375.58,110137.08,110216.53,0.7311
2025-08-26 11:00:00,110216.53,110224.09,110022.82,110034.76,1.65514
2025-08-26 11:15:00,110034.76,110034.76,109816.85,109859.03,1.72324
2025-08-26 11:30:00,109859.04,109859.04,108755.63,109654.05,2.68643
2025-08-26 11:45:00,109654.05,109875.74,109600.76,109875.74,2.44946
2025-08-26 12:00:00,109875.74,110621.5,109628.96,109643.81,1.85925
2025-08-26 12:15:00,109643.81,109754.0,109612.0,109728.01,1.87779
2025-08-26 12:30:00,109728.01,110725.8,109728.01,110545.02,3.83992
2025-08-26 12:45:00,110545.02,110668.0,109756.91,110170.84,3.25125
2025-08-26 13:00:00,110260.0,110260.0,110063.41,110153.31,1.01606
2025-08-26 13:15:00,110153.31,110200.15,49955.99,109844.63,6.70623
2025-08-26 13:30:00,109855.63,110216.71,109726.62,109852.37,4.64959
2025-08-26 13:45:00,109852.37,110089.67,109400.0,110048.23,3.08043
2025-08-26 14:00:00,110048.23,110304.51,109837.83,109891.88,4.62321
2025-08-26 14:15:00,109891.87,110515.48,109841.96,110230.2,4.9466
2025-08-26 14:30:00,110230.2,110492.05,110050.4,110304.26,2.55209
2025-08-26 14:45:00,110351.65,110483.81,110167.46,110357.48,2.80781
2025-08-26 15:00:00,110339.31,110549.99,110226.62,110246.45,2.18452
2025-08-26 15:15:00,110246.46,110439.39,110053.54,110075.21,7.63182
2025-08-26 15:30:00,110075.2,110075.21,30000.0,109590.98,9.61812
2025-08-26 15:45:00,109600.0,109783.47,109587.11,109692.22,1.32457
2025-08-26 16:00:00,109666.34,109779.21,109500.0,109500.01,2.29743
2025-08-26 16:15:00,109500.01,109710.01,109456.38,109710.01,1.94118
2025-08-26 16:30:00,109744.88,109838.09,61535.91,109813.51,6.83822
2025-08-26 16:45:00,109813.5,110129.66,109713.74,110129.66,0.46917
2025-08-26 17:00:00,110129.65,110226.75,109767.46,109873.99,7.73705
2025-08-26 17:15:00,109874.0,109934.46,109760.0,109856.19,1.86968
2025-08-26 17:30:00,109850.15,109879.48,109591.4,109634.0,3.314
2025-08-26 17:45:00,109646.18,109988.08,109646.17,109988.08,3.21534
2025-08-26 18:00:00,109988.08,110172.55,109977.99,110115.6,1.50433
2025-08-26 18:15:00,110115.6,110546.05,110084.45,110476.56,1.57347
2025-08-26 18:30:00,110486.83,110976.51,110401.15,110934.71,0.41493
2025-08-26 18:45:00,110890.36,110903.82,110681.69,110693.9,0.73566
2025-08-26 19:00:00,110693.89,110693.9,110511.06,110658.9,1.82211
2025-08-26 19:15:00,110658.9,111147.5,110627.92,111118.49,2.96786
2025-08-26 19:30:00,111118.49,111133.12,110834.17,110834.17,1.2043
2025-08-26 19:45:00,110834.17,111162.59,110834.17,111126.0,0.70711
2025-08-26 20:00:00,111126.01,111262.69,110920.0,111262.69,0.26375
2025-08-26 20:15:00,111262.68,111378.35,111180.0,111332.84,1.28493
2025-08-26 20:30:00,111332.84,111332.85,111190.83,111202.0,0.54507
2025-08-26 20:45:00,111202.0,111380.02,111146.61,111319.99,0.38926
2025-08-26 21:00:00,111321.57,111335.79,111113.68,111113.68,0.68845
2025-08-26 21:15:00,111113.68,111320.55,111113.68,111286.69,1.4242
2025-08-26 21:30:00,111278.18,111460.0,111216.24,111257.44,1.44396
2025-08-26 21:45:00,111257.44,111584.6,111181.98,111584.6,0.60338
2025-08-26 22:00:00,111584.61,111889.99,111584.6,111889.98,1.17522
2025-08-26 22:15:00,111885.33,111918.39,111638.86,111664.87,4.27819
2025-08-26 22:30:00,111642.41,111933.05,111570.64,111594.73,0.75427
2025-08-26 22:45:00,111594.72,111918.37,111587.73,111910.0,1.07657
2025-08-26 23:00:00,111910.01,112369.07,111905.06,112324.0,1.45103
2025-08-26 23:15:00,112324.01,112324.01,111945.99,111945.99,1.68348
2025-08-26 23:30:00,111946.0,111946.0,111781.59,111859.47,1.7811
2025-08-26 23:45:00,111877.41,111877.41,111737.38,111752.66,1.44778
2025-08-27 00:00:00,111763.21,111765.51,111634.0,111719.29,2.56702
2025-08-27 00:15:00,111709.04,111775.08,111632.4,111636.25,0.76792
2025-08-27 00:30:00,111645.95,111825.16,111503.54,111623.18,0.84239
2025-08-27 00:45:00,111612.4,111612.4,111339.22,111360.11,2.8019
2025-08-27 01:00:00,111356.37,111469.07,111284.17,111392.01,3.22442
2025-08-27 01:15:00,111392.01,111392.02,110191.77,111256.87,5.34862
2025-08-27 01:30:00,111253.55,111360.0,111092.8,111116.5,0.62852
2025-08-27 01:45:00,111116.5,111333.33,111116.5,111296.18,0.77824
2025-08-27 02:00:00,111299.47,111328.68,111120.0,111154.73,0.93946
2025-08-27 02:15:00,111154.74,111469.83,111154.73,111332.17,7.79668
2025-08-27 02:30:00,111336.68,111448.52,111310.0,111348.61,1.0447
2025-08-27 02:45:00,111348.61,111359.99,111105.45,111157.59,0.96591
2025-08-27 03:00:00,111140.01,111226.0,111000.0,111041.47,0.47562
2025-08-27 03:15:00,111041.46,111087.1,110918.26,110950.47,2.06082
2025-08-27 03:30:00,110965.99,111200.0,110965.99,111174.15,1.14242
2025-08-27 03:45:00,111191.99,111687.5,111191.99,111438.16,2.34849
2025-08-27 04:00:00,111418.14,111736.3,111408.9,111518.86,2.78574
2025-08-27 04:15:00,111518.87,111636.02,111426.02,111454.32,0.88649
2025-08-27 04:30:00,111465.26,111647.34,111431.91,111563.39,5.63207
2025-08-27 04:45:00,111563.38,111682.03,111517.34,111595.98,1.53073
2025-08-27 05:00:00,111570.8,111593.47,111378.69,111593.46,5.36327
2025-08-27 05:15:00,111593.46,111660.0,111343.25,111387.05,1.69128
2025-08-27 05:30:00,111372.15,111479.46,111337.85,111420.18,2.14322
2025-08-27 05:45:00,111420.18,111427.22,111342.63,111372.18,1.90603
2025-08-27 06:00:00,111372.18,111372.19,111260.0,111275.69,1.61332
2025-08-27 06:15:00,111275.69,111349.98,111168.53,111285.66,3.06798
2025-08-27 06:30:00,111277.11,111294.0,111111.0,111166.0,0.7661
2025-08-27 06:45:00,111155.31,111174.16,110925.98,111040.1,3.14259
2025-08-27 07:00:00,111040.09,111123.04,111005.44,111005.45,0.59484
2025-08-27 07:15:00,111005.45,111005.45,110724.99,110840.69,1.61488
2025-08-27 07:30:00,110840.69,110918.28,110689.33,110726.79,1.23554
2025-08-27 07:45:00,110726.79,110855.99,110647.78,110711.06,1.09207
2025-08-27 08:00:00,110711.06,110830.42,110641.0,110689.69,4.83328
2025-08-27 08:15:00,110689.69,110708.31,110580.0,110582.15,0.72773
2025-08-27 08:30:00,110591.7,110630.94,110505.08,110532.99,2.99884
2025-08-27 08:45:00,110533.0,110759.97,110407.07,110759.96,5.8509
2025-08-27 09:00:00,110759.96,110925.97,110720.06,110849.85,1.24156
2025-08-27 09:15:00,110849.85,110996.51,110849.84,110985.67,6.74877
2025-08-27 09:30:00,110971.95,111125.31,110890.55,110906.35,2.76111
2025-08-27 09:45:00,110891.33,110891.33,110810.76,110821.63,7.06665
2025-08-27 10:00:00,110810.78,111086.37,110810.77,111086.37,3.11425
2025-08-27 10:15:00,111086.37,111253.78,110960.84,111038.0,4.28951
2025-08-27 10:30:00,111037.99,111128.01,110911.28,111063.81,1.50828
2025-08-27 10:45:00,111063.8,111105.45,110975.11,110975.11,1.31046
2025-08-27 11:00:00,110975.12,111253.66,110975.11,111252.29,2.05885
2025-08-27 11:15:00,111270.07,111270.07,111147.34,111166.57,1.56306
2025-08-27 11:30:00,111175.6,111297.75,111175.6,111238.01,3.6256
2025-08-27 11:45:00,111278.71,111374.45,111278.71,111347.07,2.26035
2025-08-27 12:00:00,111322.08,111389.73,110656.45,111310.98,4.2544
2025-08-27 12:15:00,111316.01,111374.45,111140.01,111140.01,0.7488
2025-08-27 12:30:00,111140.01,111189.51,111035.75,111083.7,2.05211
2025-08-27 12:45:00,111083.7,111366.7,111062.3,111344.43,3.80331
2025-08-27 13:00:00,111344.42,111344.43,111104.9,111104.91,10.00966
2025-08-27 13:15:00,111104.9,111336.11,111090.28,111325.01,11.64714
2025-08-27 13:30:00,111325.02,111816.49,111028.98,111557.74,16.98962
2025-08-27 13:45:00,111557.75,111895.25,111422.01,111488.77,4.85126
2025-08-27 14:00:00,111488.77,111907.78,110909.28,111652.74,3.37743
2025-08-27 14:15:00,111652.73,112195.63,111542.96,112175.09,4.27098
2025-08-27 14:30:00,112175.09,112625.0,111941.78,111941.78,6.05442
2025-08-27 14:45:00,111941.79,112148.13,111684.22,111805.77,2.62636
2025-08-27 15:00:00,111805.77,112080.0,111687.58,111985.27,1.91767
2025-08-27 15:15:00,111985.28,112028.82,111688.41,111760.0,3.53599
2025-08-27 15:30:00,111759.99,111853.64,111560.28,111778.71,8.84444
2025-08-27 15:45:00,111778.71,112000.0,111765.99,111999.99,0.32519
2025-08-27 16:00:00,111999.99,112174.27,111808.0,111897.43,7.78487
2025-08-27 16:15:00,111897.44,112124.01,111662.9,111790.07,0.85556
2025-08-27 16:30:00,111790.06,111909.85,111564.76,111897.24,1.3438
2025-08-27 16:45:00,111897.23,112265.95,111801.01,112137.5,6.36457
2025-08-27 17:00:00,112137.5,112137.5,111917.57,111974.58,7.28501
2025-08-27 17:15:00,111974.57,112400.0,111897.43,112340.0,0.83871
2025-08-27 17:30:00,112340.0,112427.66,112252.0,112291.92,8.39595
2025-08-27 17:45:00,112291.91,112900.74,112214.99,112370.05,19.60971
2025-08-27 18:00:00,112370.04,112634.29,112145.72,112477.14,25.82735
2025-08-27 18:15:00,112477.15,112952.82,112386.23,112471.33,18.71766
2025-08-27 18:30:00,112471.32,112480.15,112050.05,112240.01,11.66184
2025-08-27 18:45:00,112240.02,112319.24,111928.0,111928.0,3.69925
2025-08-27 19:00:00,111928.0,112152.59,111660.0,111682.7,11.10868
2025-08-27 19:15:00,111677.03,112076.27,111676.12,112010.68,5.62059
2025-08-27 19:30:00,112010.68,112212.06,112010.68,112140.01,1.88294
2025-08-27 19:45:00,112097.99,112097.99,111936.53,112076.01,4.89685
2025-08-27 20:00:00,112076.01,112100.0,111575.31,111912.8,3.03075
2025-08-27 20:15:00,111912.8,112297.51,50000.0,112126.95,37.36586
2025-08-27 20:30:00,112126.94,113270.4,112024.98,112329.18,6.75145
2025-08-27 20:45:00,112329.19,112419.08,112129.0,112419.08,2.64087
2025-08-27 21:00:00,112419.09,112419.09,112061.42,112104.7,1.47777
2025-08-27 21:15:00,112104.7,112117.78,111650.55,111815.83,0.58372
2025-08-27 21:30:00,111815.84,111893.7,111635.51,111662.52,1.22703
2025-08-27 21:45:00,111662.52,111804.1,111368.15,111474.02,1.35485
2025-08-27 22:00:00,111474.03,111532.0,111101.97,111169.9,10.53561
2025-08-27 22:15:00,111169.91,111375.12,111169.9,111291.61,9.92885
2025-08-27 22:30:00,111291.61,111597.76,111291.6,111597.75,2.14925
2025-08-27 22:45:00,111597.76,111597.76,111399.26,111409.54,18.42931
2025-08-27 23:00:00,111409.54,111534.41,111361.0,111425.72,3.37182
2025-08-27 23:15:00,111395.19,111423.18,111238.52,111348.07,1.6532
2025-08-27 23:30:00,111348.07,111409.58,111121.15,111121.16,1.57766
2025-08-27 23:45:00,111120.64,111270.21,111120.63,111262.01,2.84509
2025-08-28 00:00:00,111262.01,111467.93,111211.68,111463.15,9.20296
2025-08-28 00:15:00,111475.72,111535.09,110953.36,111128.89,9.0659
2025-08-28 00:30:00,111128.89,111275.58,110875.61,111275.58,16.27329
2025-08-28 00:45:00,111299.3,111471.87,111155.2,111338.93,5.62486
2025-08-28 01:00:00,111338.93,111561.84,111338.93,111520.41,6.00919
2025-08-28 01:15:00,111520.01,111592.55,111226.63,111396.8,2.43942
2025-08-28 01:30:00,111459.99,111625.56,111424.91,111556.81,6.69884
2025-08-28 01:45:00,111567.99,111697.02,111540.0,111647.7,3.8409
2025-08-28 02:00:00,111640.93,111761.2,111584.67,111595.88,2.32869
2025-08-28 02:15:00,111581.42,111626.02,111468.78,111626.02,1.10101
2025-08-28 02:30:00,111612.73,111802.1,111473.61,111509.42,4.02131
2025-08-28 02:45:00,111505.45,111643.13,111446.07,111499.99,32.33719
2025-08-28 03:00:00,111500.0,111855.02,111408.0,111855.02,9.84778
2025-08-28 03:15:00,111855.73,111927.99,111780.52,111919.37,1.07695
2025-08-28 03:30:00,111927.99,112018.35,111881.26,111938.14,0.55756
2025-08-28 03:45:00,111929.5,112135.71,111864.08,112002.82,10.74816
2025-08-28 04:00:00,112000.01,112187.25,111945.08,112174.92,2.35875
2025-08-28 04:15:00,112174.92,112300.88,112118.09,112300.88,1.26278
2025-08-28 04:30:00,112315.45,112790.0,112284.13,112777.42,16.24771
2025-08-28 04:45:00,112770.67,113082.48,112769.55,112965.89,2.23285
2025-08-28 05:00:00,112965.89,114215.42,112879.21,112918.83,57.4566
2025-08-28 05:15:00,112916.82,113000.0,112820.0,112876.09,0.99222
2025-08-28 05:30:00,112876.1,112938.64,112805.65,112805.65,0.70995
2025-08-28 05:45:00,112805.66,112883.72,112702.13,112883.71,1.36394
2025-08-28 06:00:00,112883.72,113024.49,112657.94,112758.64,7.87661
2025-08-28 06:15:00,112758.63,113042.77,112754.01,112978.06,6.52256
2025-08-28 06:30:00,112978.07,113116.0,112950.48,113051.01,2.51932
2025-08-28 06:45:00,113051.02,113284.4,112957.78,113224.8,0.70575
2025-08-28 07:00:00,113224.81,113332.99,113163.07,113332.99,27.76485
2025-08-28 07:15:00,113323.26,113360.0,113120.64,113158.23,1.15856
2025-08-28 07:30:00,113158.24,113166.69,113005.92,113129.97,1.79714
2025-08-28 07:45:00,113129.96,113160.0,113064.8,113131.0,1.00744
2025-08-28 08:00:00,113130.99,113350.0,113120.0,113240.01,2.6593
2025-08-28 08:15:00,113240.0,113240.01,113049.52,113049.53,3.31309
2025-08-28 08:30:00,113049.52,113362.65,113028.0,113169.95,6.54785
2025-08-28 08:45:00,113169.94,113177.18,113020.88,113128.5,7.96362
2025-08-28 09:00:00,113128.49,113139.8,113035.24,113035.24,8.68609
2025-08-28 09:15:00,113035.25,113068.61,112909.17,112984.48,7.15365
2025-08-28 09:30:00,112984.48,112984.48,112900.01,112900.01,3.29333
2025-08-28 09:45:00,112900.01,112909.02,112850.4,112850.41,1.49787
2025-08-28 10:00:00,112850.41,113037.98,112826.23,113019.38,5.48926
2025-08-28 10:15:00,113019.37,113022.53,112888.0,112900.3,2.21913
2025-08-28 10:30:00,112900.3,113077.36,112900.29,113056.79,2.76166
2025-08-28 10:45:00,113056.8,113127.53,112932.07,113127.52,5.01973
2025-08-28 11:00:00,113127.53,113152.97,112986.32,112986.32,5.6514
2025-08-28 11:15:00,112986.32,113016.83,112877.86,112945.26,4.84857
2025-08-28 11:30:00,112945.26,112967.68,112857.39,112865.0,3.91775
2025-08-28 11:45:00,112860.13,113000.0,112850.0,112909.18,1.98829
2025-08-28 12:00:00,112909.17,112959.21,112851.46,112851.46,3.9378
2025-08-28 12:15:00,112851.47,112945.27,112825.23,112883.77,2.20786
2025-08-28 12:30:00,112883.76,113196.76,112799.16,113158.06,23.13636
2025-08-28 12:45:00,113158.07,113340.0,113083.99,113239.43,2.57618
2025-08-28 13:00:00,113239.44,113250.83,113084.08,113112.33,1.25934
2025-08-28 13:15:00,113115.17,113461.4,113030.0,113068.42,3.48859
2025-08-28 13:30:00,113068.42,113204.0,112840.98,112909.17,33.82165
2025-08-28 13:45:00,112910.03,112910.04,112608.11,112799.68,8.7364
2025-08-28 14:00:00,112799.67,113113.98,112755.08,112991.39,14.35578
2025-08-28 14:15:00,113005.14,113119.94,112634.66,112634.66,7.7595
2025-08-28 14:30:00,112634.67,113156.22,112586.11,113050.0,19.61291
2025-08-28 14:45:00,112988.38,113300.0,112955.73,113153.81,18.71272
2025-08-28 15:00:00,113153.06,113195.23,113005.28,113019.53,17.50689
2025-08-28 15:15:00,113037.7,113250.0,112459.93,112546.56,18.64584
2025-08-28 15:30:00,112546.55,161183.12,112535.78,112587.69,28.12859
2025-08-28 15:45:00,112587.69,112678.53,112396.34,112678.53,19.03699
2025-08-28 16:00:00,112678.52,112916.57,112642.73,112908.89,1.32553
2025-08-28 16:15:00,112930.0,113316.57,112840.98,113034.79,4.07
2025-08-28 16:30:00,113034.79,113034.8,112780.0,112868.27,2.5578
2025-08-28 16:45:00,112868.27,112872.01,112340.65,112366.13,6.19244
2025-08-28 17:00:00,112366.12,112415.23,112215.32,112245.54,2.40197
2025-08-28 17:15:00,112253.05,112549.01,112241.5,112549.01,2.08547
2025-08-28 17:30:00,112540.74,112617.86,112396.91,112605.79,1.37577
2025-08-28 17:45:00,112605.79,112611.21,112355.0,112387.99,2.53425
2025-08-28 18:00:00,112388.0,112396.38,112230.76,112255.19,1.05867
2025-08-28 18:15:00,112276.97,112646.02,112276.96,112646.01,2.27385
2025-08-28 18:30:00,112646.01,112718.2,112561.24,112561.24,8.70214
2025-08-28 18:45:00,112534.62,112534.62,112325.47,112391.56,1.59775
2025-08-28 19:00:00,112385.46,112742.68,112169.51,112424.5,4.17775
2025-08-28 19:15:00,112410.0,234689.16,112180.0,112345.3,23.20928
2025-08-28 19:30:00,112345.31,112412.84,112014.13,112020.02,5.1572
2025-08-28 19:45:00,112047.37,112180.48,111928.71,111961.71,2.99284
2025-08-28 20:00:00,111923.85,111998.53,111872.06,111994.42,3.21271
2025-08-28 20:15:00,111994.42,112111.05,111972.67,112012.21,2.71623
2025-08-28 20:30:00,112012.21,112073.43,111905.24,112017.41,3.3324
2025-08-28 20:45:00,112017.41,112052.21,111902.49,111920.23,6.95859
2025-08-28 21:00:00,111920.22,112116.75,111900.0,112116.75,15.5108
2025-08-28 21:15:00,112119.99,112127.78,111932.0,111972.97,17.13614
2025-08-28 21:30:00,111972.97,111985.91,111908.32,111927.79,5.62382
2025-08-28 21:45:00,111908.65,112085.61,111908.65,112025.07,19.01413
2025-08-28 22:00:00,112025.06,112297.02,112025.06,112288.05,3.10501
2025-08-28 22:15:00,112288.05,112411.65,112252.51,112385.9,3.48593
2025-08-28 22:30:00,112385.9,112458.9,112337.17,112378.95,14.16127
2025-08-28 22:45:00,112383.69,112465.07,112340.63,112340.64,1.35617
2025-08-28 23:00:00,112340.63,112471.54,112305.15,112374.36,19.88026
2025-08-28 23:15:00,112374.36,112477.76,112207.96,112392.21,18.8357
2025-08-28 23:30:00,112392.2,112500.0,112336.78,112491.04,19.35986
2025-08-28 23:45:00,112480.78,112574.21,112450.0,112566.91,14.13342
2025-08-29 00:00:00,112566.9,112615.56,112352.29,112436.0,13.76948
2025-08-29 00:15:00,112428.75,112638.64,112344.37,112632.44,17.82465
2025-08-29 00:30:00,112632.44,112632.44,112259.51,112286.01,16.38788
2025-08-29 00:45:00,112236.45,112267.48,112129.14,112200.95,14.98604
2025-08-29 01:00:00,112200.95,112271.38,50000.0,111926.36,18.53898
2025-08-29 01:15:00,111926.35,113972.36,111425.29,111557.68,14.21376
2025-08-29 01:30:00,111557.67,111709.56,111467.18,111650.89,14.21586
2025-08-29 01:45:00,111650.89,111704.76,111444.06,111486.01,0.89594
2025-08-29 02:00:00,111486.01,111666.92,111443.03,111666.92,1.85786
2025-08-29 02:15:00,111654.63,111770.44,111461.62,111535.8,2.15314
2025-08-29 02:30:00,111542.12,111576.5,111400.02,111400.58,0.48215
2025-08-29 02:45:00,111400.58,111516.53,111369.76,111440.01,1.96988
2025-08-29 03:00:00,111440.01,111594.12,111318.0,111524.01,1.20852
2025-08-29 03:15:00,111513.18,111647.16,111504.02,111599.3,1.58553
2025-08-29 03:30:00,111611.47,111798.21,111568.01,111724.24,3.0913
2025-08-29 03:45:00,111745.95,111823.19,111704.24,111704.24,0.36169
2025-08-29 04:00:00,111704.23,111850.56,49952.0,111659.99,4.79891
2025-08-29 04:15:00,111666.92,111718.41,111620.49,111692.0,3.29322
2025-08-29 04:30:00,111691.99,111691.99,111531.27,111578.07,1.81954
2025-08-29 04:45:00,111578.07,111616.81,111432.02,111459.86,0.76724
2025-08-29 05:00:00,111502.0,111583.13,111402.8,111458.68,2.3484
2025-08-29 05:15:00,111446.46,111446.46,111228.34,111322.81,1.47804
2025-08-29 05:30:00,111318.54,111318.54,111154.02,111172.55,1.04787
2025-08-29 05:45:00,111180.0,111315.43,111133.65,111315.43,1.64368
2025-08-29 06:00:00,111315.42,111381.11,111141.69,111172.37,1.78084
2025-08-29 06:15:00,111141.09,111150.12,111000.01,111000.01,3.97987
2025-08-29 06:30:00,111000.0,111250.76,110960.16,111244.57,4.69618
2025-08-29 06:45:00,111244.56,111279.45,111143.83,111279.45,1.39266
2025-08-29 07:00:00,111279.45,111279.45,110571.28,110571.29,3.74263
2025-08-29 07:15:00,110571.28,110627.53,110132.82,110173.11,1.60831
2025-08-29 07:30:00,110141.13,110334.84,110061.31,110061.32,3.09418
2025-08-29 07:45:00,110061.32,110180.7,109899.99,110038.45,1.45023
2025-08-29 08:00:00,110038.45,110264.04,109968.52,110077.3,2.72113
2025-08-29 08:15:00,110077.31,110183.99,109962.58,110048.11,1.39002
2025-08-29 08:30:00,110048.1,110146.45,109719.86,109907.04,0.34417
2025-08-29 08:45:00,109907.04,109930.78,109616.53,109628.02,0.70253
2025-08-29 09:00:00,109628.02,109672.58,109414.18,109565.41,3.47645
2025-08-29 09:15:00,109565.42,109820.0,109560.41,109728.83,0.4232
2025-08-29 09:30:00,109755.67,109925.72,109654.85,109790.56,10.02756
2025-08-29 09:45:00,109790.56,109984.8,109772.71,109772.72,45.10543
2025-08-29 10:00:00,109772.71,109976.18,109766.44,109847.9,0.69578
2025-08-29 10:15:00,109847.9,110011.45,109786.19,109923.78,3.64335
2025-08-29 10:30:00,109935.93,110016.81,109852.64,109994.72,3.2296
2025-08-29 10:45:00,109994.72,110027.99,109857.62,110008.01,2.9916
2025-08-29 11:00:00,110008.0,110161.92,109883.12,110161.92,4.90841
2025-08-29 11:15:00,110161.92,110161.93,110023.16,110051.81,14.25285
2025-08-29 11:30:00,110051.82,110051.82,109835.29,109900.9,13.21316
2025-08-29 11:45:00,109900.89,110094.37,109900.89,110094.37,20.68891
2025-08-29 12:00:00,110094.37,110271.15,110075.99,110271.14,47.45668
2025-08-29 12:15:00,110271.14,110360.0,110186.99,110340.53,37.42895
2025-08-29 12:30:00,110340.53,111739.99,110047.0,110556.72,28.85372
2025-08-29 12:45:00,110556.71,110794.24,110520.06,110725.89,17.10974
2025-08-29 13:00:00,110728.01,110767.23,110508.9,110687.15,11.56304
2025-08-29 13:15:00,110687.16,110801.25,110442.99,110480.0,3.53976
2025-08-29 13:30:00,110479.99,110480.0,109595.13,109724.21,18.17081
2025-08-29 13:45:00,109724.2,109724.2,49946.0,109106.13,11.55544
2025-08-29 14:00:00,109099.56,110277.41,108507.98,108790.9,5.94089
2025-08-29 14:15:00,108790.9,108949.43,108360.0,108623.5,12.94454
2025-08-29 14:30:00,108626.0,113491.3,108446.96,108617.8,8.75493
2025-08-29 14:45:00,108617.81,108695.39,108106.62,108188.4,8.17739
2025-08-29 15:00:00,108188.4,108449.75,49946.0,108261.41,5.52188
2025-08-29 15:15:00,108261.4,108705.56,108261.4,108355.38,4.11798
2025-08-29 15:30:00,108355.38,108600.0,108210.76,108501.09,5.31525
2025-08-29 15:45:00,108501.09,108669.01,108295.3,108397.03,7.20158
2025-08-29 16:00:00,108397.04,108690.49,108150.01,108627.51,3.78507
2025-08-29 16:15:00,108627.52,108742.95,108490.15,108513.77,1.39105
2025-08-29 16:30:00,108513.76,108823.0,108513.76,108711.89,3.0491
2025-08-29 16:45:00,108711.89,108827.63,108562.0,108726.88,4.56089
2025-08-29 17:00:00,108726.88,108726.88,108218.0,108218.01,4.59964
2025-08-29 17:15:00,108218.01,108545.46,108173.96,108385.98,1.81525
2025-08-29 17:30:00,108385.98,108605.96,108332.01,108441.37,7.47578
2025-08-29 17:45:00,108441.37,108582.05,108432.01,108482.17,0.92169
2025-08-29 18:00:00,108482.16,108500.0,108306.72,108326.92,0.98591
2025-08-29 18:15:00,108326.91,108398.1,108101.07,108126.97,0.99032
2025-08-29 18:30:00,108126.96,108245.8,108110.29,108144.0,2.88321
2025-08-29 18:45:00,108129.64,108220.0,108108.0,108166.0,1.80342
2025-08-29 19:00:00,108145.41,108460.66,107988.19,108382.0,2.79959
2025-08-29 19:15:00,108360.02,110422.4,108360.02,108605.99,8.4618
2025-08-29 19:30:00,108639.88,108776.69,108382.0,108559.89,13.36159
2025-08-29 19:45:00,108559.89,108663.54,108178.0,108215.23,10.51907
2025-08-29 20:00:00,108215.23,108242.23,107754.58,107874.0,8.51728
2025-08-29 20:15:00,107873.99,108039.49,100502.2,107940.0,10.22455
2025-08-29 20:30:00,107940.01,107940.01,107671.56,107673.95,36.49797
2025-08-29 20:45:00,107673.94,120000.0,107473.94,107770.77,9.06858
2025-08-29 21:00:00,107770.78,107897.51,107539.6,107850.25,13.46959
2025-08-29 21:15:00,107850.24,107943.89,106482.5,107922.01,4.34968
2025-08-29 21:30:00,107946.61,112280.0,107010.3,108415.16,10.45838
2025-08-29 21:45:00,108415.15,108456.32,108264.99,108450.0,6.19973
2025-08-29 22:00:00,108450.01,108480.48,106482.5,108288.5,4.7435
2025-08-29 22:15:00,108288.49,108434.0,108285.89,108318.19,8.36907
2025-08-29 22:30:00,108339.4,108400.0,108165.7,108240.0,4.6044
2025-08-29 22:45:00,108240.01,108372.67,108020.9,108372.67,6.99518
2025-08-29 23:00:00,108372.67,120000.0,108268.04,108426.63,11.15393
2025-08-29 23:15:00,108416.09,108613.23,108149.48,108438.14,13.04582
2025-08-29 23:30:00,108438.5,108549.99,107503.6,108527.79,4.37491
2025-08-29 23:45:00,108527.79,108718.32,108334.06,108355.03,6.59573
2025-08-30 00:00:00,108355.02,108736.52,108252.64,108252.64,8.83785
2025-08-30 00:15:00,108252.65,108410.72,108225.47,108307.0,5.44993
2025-08-30 00:30:00,108306.99,108317.19,108147.72,108147.73,2.66942
2025-08-30 00:45:00,108147.73,108313.47,108147.72,108313.47,14.44464
2025-08-30 01:00:00,108300.7,108347.29,108257.02,108308.93,10.37928
2025-08-30 01:15:00,108303.73,108303.73,108022.58,108036.0,4.68814
2025-08-30 01:30:00,108036.0,108115.36,108006.12,108040.04,1.8448
2025-08-30 01:45:00,108040.03,108040.03,107440.42,107440.43,8.97261
2025-08-30 02:00:00,107447.96,107785.61,107429.36,107764.0,2.361
2025-08-30 02:15:00,107764.0,107853.77,107617.82,107824.53,1.98163
2025-08-30 02:30:00,107824.53,107938.33,107824.52,107923.17,1.50803
2025-08-30 02:45:00,107923.17,107950.01,107782.01,107782.01,3.08891
2025-08-30 03:00:00,107782.0,108052.94,107769.48,108032.62,2.88233
2025-08-30 03:15:00,108041.28,108286.75,108012.96,108231.2,3.10622
2025-08-30 03:30:00,108231.2,108418.27,108231.19,108340.0,3.05034
2025-08-30 03:45:00,108340.0,108430.51,108334.01,108430.51,2.68446
2025-08-30 04:00:00,108433.69,108501.99,108206.18,108469.82,3.91069
2025-08-30 04:15:00,108469.82,108679.36,108469.81,108639.17,4.06277
2025-08-30 04:30:00,108639.19,108639.19,108444.49,108444.49,7.26875
2025-08-30 04:45:00,108515.46,234689.16,107935.34,108435.59,7.22603
2025-08-30 05:00:00,108435.59,108458.56,108248.05,108248.05,12.15865
2025-08-30 05:15:00,108248.06,108309.21,108216.84,108216.85,6.39753
2025-08-30 05:30:00,108216.85,108443.84,107402.06,108383.08,5.05109
2025-08-30 05:45:00,108364.54,108430.67,100000.0,108359.54,5.83341
2025-08-30 06:00:00,108347.2,109907.21,49955.99,108331.5,13.13816
2025-08-30 06:15:00,108331.5,108409.28,108257.41,108264.37,6.92284
2025-08-30 06:30:00,108264.37,108324.27,108247.96,108275.14,4.99723
2025-08-30 06:45:00,108275.14,108320.0,108209.36,108320.0,4.84435
2025-08-30 07:00:00,108320.0,108378.98,108120.01,108263.33,2.58529
2025-08-30 07:15:00,108263.33,108274.22,108200.0,108274.22,2.09765
2025-08-30 07:30:00,108274.22,108493.34,108274.21,108492.8,0.879
2025-08-30 07:45:00,108492.8,108520.01,108470.53,108518.41,2.24746
2025-08-30 08:00:00,108524.26,108671.85,108488.01,108636.29,5.69851
2025-08-30 08:15:00,108636.3,108746.27,108615.33,108746.26,4.48123
2025-08-30 08:30:00,108746.26,108746.26,108578.85,108604.21,1.18509
2025-08-30 08:45:00,108604.22,108604.22,108533.58,108563.79,7.64036
2025-08-30 09:00:00,108563.79,108604.82,49951.0,108503.91,30.71328
2025-08-30 09:15:00,108503.91,108587.09,108499.99,108536.62,0.74154
2025-08-30 09:30:00,108533.9,108533.9,108470.84,108480.01,2.42549
2025-08-30 09:45:00,108480.01,108592.55,108470.84,108517.63,3.13029
2025-08-30 10:00:00,108517.63,108611.51,108490.13,108592.66,1.32481
2025-08-30 10:15:00,108592.67,108690.49,108592.66,108690.48,1.66838
2025-08-30 10:30:00,108690.49,108690.49,108488.71,108488.71,0.81955
2025-08-30 10:45:00,108488.71,108488.71,108400.0,108425.99,2.08195
2025-08-30 11:00:00,108425.99,108540.0,108422.36,108526.64,2.12343
2025-08-30 11:15:00,108526.65,108540.73,108463.19,108540.72,1.41985
2025-08-30 11:30:00,108540.72,108584.0,108525.66,108583.99,0.42535
2025-08-30 11:45:00,108583.99,108712.61,108583.99,108712.61,17.48124
2025-08-30 12:00:00,108693.19,108693.19,108458.71,108567.53,1.82504
2025-08-30 12:15:00,108567.53,108567.53,108476.17,108502.95,3.81361
2025-08-30 12:30:00,108502.94,234689.16,108348.77,108462.64,5.86845
2025-08-30 12:45:00,108440.0,108614.85,108440.0,108614.85,3.97514
2025-08-30 13:00:00,108614.86,108618.55,108222.53,108275.13,5.01551
2025-08-30 13:15:00,108275.13,108412.37,108214.87,108412.37,7.09848
2025-08-30 13:30:00,108418.4,108512.67,108412.37,108412.37,1.21628
2025-08-30 13:45:00,108405.85,108531.13,108350.0,108531.13,1.06048
2025-08-30 14:00:00,108531.14,108531.14,108295.64,108465.17,2.55101
2025-08-30 14:15:00,108473.68,108550.0,108282.98,108550.0,1.93378
2025-08-30 14:30:00,108549.99,108654.31,108534.01,108622.9,1.54781
2025-08-30 14:45:00,108622.89,108740.16,108622.89,108662.0,2.32472
2025-08-30 15:00:00,108662.0,108662.0,108551.08,108580.01,1.60795
2025-08-30 15:15:00,108593.99,108827.45,108593.98,108773.99,3.67418
2025-08-30 15:30:00,108774.0,108926.15,108648.18,108912.82,11.39626
2025-08-30 15:45:00,108912.82,108932.98,108836.74,108836.75,12.28248
2025-08-30 16:00:00,108836.75,108862.61,108667.63,108667.63,5.98188
2025-08-30 16:15:00,108667.63,108778.79,108665.63,108726.63,4.39203
2025-08-30 16:30:00,108726.64,108815.7,108692.63,108815.7,1.20887
2025-08-30 16:45:00,108815.7,108879.96,108815.69,108815.72,5.62727
2025-08-30 17:00:00,108815.72,108898.17,108801.02,108889.0,2.99173
2025-08-30 17:15:00,108880.12,108880.12,108807.7,108838.34,4.53387
2025-08-30 17:30:00,108838.33,108856.93,108692.64,108708.99,2.27644
2025-08-30 17:45:00,108709.0,108784.7,108625.46,108784.7,8.96068
2025-08-30 18:00:00,108784.71,108808.04,108748.0,108757.02,7.064
2025-08-30 18:15:00,108757.03,108757.03,108651.37,108698.37,13.72119
2025-08-30 18:30:00,108698.37,197381.45,108629.28,108718.3,21.81474
2025-08-30 18:45:00,108718.3,108990.88,108716.49,108739.72,17.95766
2025-08-30 19:00:00,108739.73,108769.35,108697.65,108723.91,6.12164
2025-08-30 19:15:00,108723.91,108808.37,108650.0,108808.37,5.9404
2025-08-30 19:30:00,108808.37,108879.02,108793.81,108879.02,3.86872
2025-08-30 19:45:00,108879.02,108900.0,108778.58,108828.32,3.29429
2025-08-30 20:00:00,108828.33,108838.27,108692.97,108729.52,10.02605
2025-08-30 20:15:00,108729.52,108773.31,108676.2,108773.31,10.98311
2025-08-30 20:30:00,108773.3,108773.31,108598.52,108629.46,18.34424
2025-08-30 20:45:00,108629.45,113970.0,108609.04,108645.86,1.33939
2025-08-30 21:00:00,108647.99,108682.81,108516.31,108643.99,5.02075
2025-08-30 21:15:00,108643.99,108643.99,108582.24,108619.38,2.38495
2025-08-30 21:30:00,108619.37,108619.37,108534.96,108566.29,9.93596
2025-08-30 21:45:00,108567.85,108639.17,108546.91,108588.68,9.40176
2025-08-30 22:00:00,108588.67,108595.9,108468.77,108512.09,5.30594
2025-08-30 22:15:00,108512.08,108554.38,108512.08,108551.59,0.57383
2025-08-30 22:30:00,108551.58,108567.88,108509.88,108567.88,2.28811
2025-08-30 22:45:00,108567.87,108567.88,108531.12,108531.13,0.51131
2025-08-30 23:00:00,108531.12,108630.16,108530.15,108611.02,6.13212
2025-08-30 23:15:00,108611.02,108730.99,108611.02,108700.01,1.92843
2025-08-30 23:30:00,108700.0,108788.0,108656.97,108785.26,1.3539
2025-08-30 23:45:00,108785.26,108816.34,108746.44,108816.34,3.01211
2025-08-31 00:00:00,108816.34,108917.52,108801.35,108823.65,8.24042
2025-08-31 00:15:00,108823.65,108932.87,108804.93,108870.01,11.44709
2025-08-31 00:30:00,108870.01,109227.99,108870.01,109227.98,1.68492
2025-08-31 00:45:00,109227.98,109399.99,109142.6,109379.95,5.92926
2025-08-31 01:00:00,109388.0,109410.28,109141.6,109141.61,1.38224
2025-08-31 01:15:00,109141.61,109348.6,109141.61,109334.01,1.14577
2025-08-31 01:30:00,109334.01,109429.4,109289.82,109313.56,0.65022
2025-08-31 01:45:00,109315.99,109480.02,109301.62,109429.02,0.91666
2025-08-31 02:00:00,109429.02,109439.54,109303.0,109360.0,1.89268
2025-08-31 02:15:00,109360.0,109410.42,109282.45,109325.86,1.89776
2025-08-31 02:30:00,109325.86,109325.86,109230.0,109230.0,1.66235
2025-08-31 02:45:00,109229.76,109229.76,109171.97,109224.87,2.69149
2025-08-31 03:00:00,109224.88,109335.91,109224.87,109320.62,2.28433
2025-08-31 03:15:00,109319.58,109319.58,109203.04,109232.88,2.98456
2025-08-31 03:30:00,109232.87,109320.44,109172.0,109320.44,3.94686
2025-08-31 03:45:00,109320.44,113970.0,109160.05,109194.93,14.27667
2025-08-31 04:00:00,109194.93,109365.84,109015.04,109015.05,7.09122
2025-08-31 04:15:00,109015.04,109015.05,108827.92,108834.0,3.67311
2025-08-31 04:30:00,108834.0,108863.8,108730.0,108730.0,4.70563
2025-08-31 04:45:00,108730.01,108816.34,108666.93,108816.33,14.71441
2025-08-31 05:00:00,108816.33,108816.33,108637.93,108696.97,3.22867
2025-08-31 05:15:00,108696.97,108696.97,108572.01,108583.72,0.82988
2025-08-31 05:30:00,108583.71,108782.01,108583.71,108735.63,21.74796
2025-08-31 05:45:00,108735.64,108765.55,108672.4,108756.85,1.27006
2025-08-31 06:00:00,108756.85,108774.18,108691.01,108774.18,7.22466
2025-08-31 06:15:00,108774.18,108778.27,108574.79,108578.96,1.97346
2025-08-31 06:30:00,108578.96,108718.53,108525.99,108669.61,8.75845
2025-08-31 06:45:00,108669.6,108742.84,108669.6,108716.65,4.27102
2025-08-31 07:00:00,108716.64,109427.83,108700.0,108781.43,9.723
2025-08-31 07:15:00,108781.42,108786.12,108084.3,108693.45,27.1476
2025-08-31 07:30:00,108693.45,108794.34,88217.42,108781.07,26.11717
2025-08-31 07:45:00,108781.06,108781.06,108688.34,108708.26,2.66303
2025-08-31 08:00:00,108708.25,108834.58,108708.25,108834.57,27.99939
2025-08-31 08:15:00,108834.57,109412.37,108816.37,108897.65,58.70767
2025-08-31 08:30:00,108897.64,108989.93,107061.85,108989.93,20.63419
2025-08-31 08:45:00,108989.93,109059.94,108921.09,109011.66,14.05596
2025-08-31 09:00:00,109011.66,109100.0,108968.26,109053.67,16.71396
2025-08-31 09:15:00,109053.67,109100.0,108902.06,108902.06,5.1706
2025-08-31 09:30:00,108900.01,108900.01,108707.62,108707.62,4.57828
2025-08-31 09:45:00,108707.63,108733.8,108460.81,108500.0,13.29223
2025-08-31 10:00:00,108507.68,108528.03,108360.82,108437.58,4.72708
2025-08-31 10:15:00,108437.58,108497.54,108206.18,108438.14,6.4271
2025-08-31 10:30:00,108452.78,108623.71,108389.17,108390.57,7.66411
2025-08-31 10:45:00,108390.56,108614.54,108320.25,108554.06,3.44762
2025-08-31 11:00:00,108559.99,108597.19,108510.94,108513.15,8.86865
2025-08-31 11:15:00,108513.15,108531.63,108323.73,108531.63,6.56532
2025-08-31 11:30:00,108536.43,108553.99,108370.35,108378.68,13.62487
2025-08-31 11:45:00,108378.68,108469.53,108378.68,108391.75,6.0709
2025-08-31 12:00:00,108389.91,108445.8,108323.88,108330.28,12.85236
2025-08-31 12:15:00,108330.27,108427.41,108310.44,108398.67,10.79337
2025-08-31 12:30:00,108398.67,108486.13,108370.27,108381.01,5.92311
2025-08-31 12:45:00,108381.0,108437.51,108308.4,108329.18,7.00852
2025-08-31 13:00:00,108309.21,108410.65,108194.65,108220.91,3.73085
2025-08-31 13:15:00,108220.9,108427.43,108194.64,108297.66,2.06205
2025-08-31 13:30:00,108294.74,108376.49,49955.99,108376.49,14.16217
2025-08-31 13:45:00,108376.48,108432.04,108310.0,108418.02,5.89835
2025-08-31 14:00:00,108418.02,108469.49,108258.55,108314.13,4.58169
2025-08-31 14:15:00,108314.12,108407.66,108275.14,108374.99,7.07844
2025-08-31 14:30:00,108375.0,108500.0,49941.01,108442.7,7.82957
2025-08-31 14:45:00,108441.23,108498.36,108435.02,108467.32,4.81598
2025-08-31 15:00:00,108467.32,108726.65,108462.7,108464.75,22.75831
2025-08-31 15:15:00,108464.74,108584.0,108464.74,108568.74,5.08767
2025-08-31 15:30:00,108568.74,108711.37,108491.18,108711.36,2.19454
2025-08-31 15:45:00,108711.36,108833.42,108711.34,108819.99,9.14553
2025-08-31 16:00:00,108818.69,108866.01,108700.0,108801.0,18.69206
2025-08-31 16:15:00,108801.0,108801.01,108591.99,108707.89,14.62701
2025-08-31 16:30:00,108704.08,108884.99,108620.0,108865.18,8.00365
2025-08-31 16:45:00,108865.19,108978.0,108844.58,108923.33,2.46858
2025-08-31 17:00:00,108922.78,108927.65,108882.03,108927.65,0.9684
2025-08-31 17:15:00,108927.65,108974.55,108852.89,108974.55,8.53123
2025-08-31 17:30:00,108971.54,108990.2,108861.3,108969.01,16.10203
2025-08-31 17:45:00,108969.02,108993.88,108930.34,108993.88,0.62553
2025-08-31 18:00:00,108993.88,109018.44,108927.5,108976.8,3.15854
2025-08-31 18:15:00,108976.8,109120.07,108971.39,109009.54,2.53096
2025-08-31 18:30:00,109009.54,109186.3,109000.0,109151.18,1.18557
2025-08-31 18:45:00,109151.18,109271.7,109116.87,109154.56,11.70612
2025-08-31 19:00:00,109146.62,109167.84,108968.37,109000.0,1.23986
2025-08-31 19:15:00,108999.99,109076.44,108934.39,108968.52,5.79848
2025-08-31 19:30:00,108968.52,109114.99,108968.52,109106.42,1.4534
2025-08-31 19:45:00,109106.42,109106.42,108916.28,108929.99,2.95486
2025-08-31 20:00:00,108929.99,109106.11,108880.0,109048.49,5.10129
2025-08-31 20:15:00,109048.5,109075.35,108962.47,109065.58,4.61724
2025-08-31 20:30:00,109065.58,109118.0,108970.32,109048.22,12.95523
2025-08-31 20:45:00,109048.22,109118.0,109022.73,109117.99,5.24193
2025-08-31 21:00:00,109117.99,109118.0,108957.12,109001.88,3.29696
2025-08-31 21:15:00,109001.89,109077.5,109001.88,109042.01,0.79694
2025-08-31 21:30:00,109024.8,109096.51,109007.36,109096.51,1.95055
2025-08-31 21:45:00,109096.51,109106.11,109015.0,109015.0,5.98799
2025-08-31 22:00:00,109015.0,109070.8,108876.0,109070.8,9.37814
2025-08-31 22:15:00,109070.79,109230.0,109070.79,109188.48,4.80424
2025-08-31 22:30:00,109188.49,109188.49,108848.11,108848.12,6.88738
2025-08-31 22:45:00,108848.11,108934.12,108670.76,108900.46,6.66253
2025-08-31 23:00:00,108900.46,108908.65,108608.47,108684.74,10.71799
2025-08-31 23:15:00,108684.73,109449.34,108355.0,108395.75,31.41771
2025-08-31 23:30:00,108387.95,108450.49,108103.26,108235.03,5.3205
2025-08-31 23:45:00,108235.02,108356.05,100001.56,108229.25,11.85017
2025-09-01 00:00:00,108229.25,108332.35,49941.01,107981.99,14.84083
2025-09-01 00:15:00,107971.74,108056.55,107641.99,107814.13,3.63869
2025-09-01 00:30:00,107814.12,108211.17,107360.74,108141.01,20.1118
2025-09-01 00:45:00,108141.02,108414.05,107599.85,108222.38,18.87329
2025-09-01 01:00:00,108222.37,108534.27,107910.03,108124.0,114.61057
2025-09-01 01:15:00,108147.99,108284.0,108014.0,108241.63,9.37298
2025-09-01 01:30:00,108241.63,108299.3,108058.91,108299.3,19.71421
2025-09-01 01:45:00,108334.61,108450.7,107984.84,108189.55,5.68703
2025-09-01 02:00:00,108189.55,274200.32,107921.18,107970.58,7.90188
2025-09-01 02:15:00,107970.58,107980.0,49941.01,107707.19,5.01844
2025-09-01 02:30:00,107691.75,107706.0,107530.32,107561.14,3.62249
2025-09-01 02:45:00,107561.13,200000.0,107422.55,107582.63,40.92176
2025-09-01 03:00:00,107582.63,107768.85,107393.09,107768.85,25.28312
2025-09-01 03:15:00,107768.85,109712.0,49941.01,107501.98,1.33445
2025-09-01 03:30:00,107511.84,110765.4,107393.01,107556.54,2.19299
2025-09-01 03:45:00,107556.53,107720.01,107437.81,107669.94,4.70292
2025-09-01 04:00:00,107669.95,107752.0,107516.28,107717.04,5.28795
2025-09-01 04:15:00,107717.04,107743.46,107360.0,107548.51,4.45033
2025-09-01 04:30:00,107525.24,107525.24,107280.0,107330.09,2.47725
2025-09-01 04:45:00,107309.9,107544.7,107290.0,107409.1,11.50661
2025-09-01 05:00:00,107409.1,107704.8,107268.0,107366.49,10.8835
2025-09-01 05:15:00,107355.99,107732.03,107278.43,107709.85,7.30174
2025-09-01 05:30:00,107709.85,107954.0,107263.7,107926.33,83.81121
2025-09-01 05:45:00,107945.63,107960.0,105044.9,107866.13,5.54789
2025-09-01 06:00:00,107866.12,107931.24,107594.43,107931.24,5.51915
2025-09-01 06:15:00,107935.99,108033.58,107793.24,107948.38,5.33694
2025-09-01 06:30:00,107942.24,108226.53,107940.41,108115.94,4.7113
2025-09-01 06:45:00,108104.33,108104.34,108023.61,108064.75,0.31966
2025-09-01 07:00:00,108064.75,108147.0,108001.0,108015.36,6.40332
2025-09-01 07:15:00,108001.0,108417.27,107984.79,108417.27,18.20074
2025-09-01 07:30:00,108443.99,108913.26,108440.0,108800.35,1.9089
2025-09-01 07:45:00,108823.53,109399.99,108823.53,109399.99,2.68605
2025-09-01 08:00:00,109399.99,109867.8,108120.0,109498.46,16.38855
2025-09-01 08:15:00,109514.48,109727.04,109439.47,109439.47,6.76534
2025-09-01 08:30:00,109439.47,109615.77,109439.47,109595.34,4.51579
2025-09-01 08:45:00,109586.93,109693.37,109359.09,109581.06,3.88422
2025-09-01 09:00:00,109581.05,109769.33,109500.1,109769.33,6.84012
2025-09-01 09:15:00,109769.33,109798.82,106108.1,109669.4,9.5254
2025-09-01 09:30:00,109669.4,109903.62,103033.78,109811.99,8.36425
2025-09-01 09:45:00,109811.99,109826.45,109503.86,109503.86,4.76841
2025-09-01 10:00:00,109503.85,109517.34,100841.57,109224.27,10.79393
2025-09-01 10:15:00,109216.98,109258.88,108862.0,108862.0,1.3614
2025-09-01 10:30:00,108861.99,108881.99,108186.41,108364.56,3.19445
2025-09-01 10:45:00,108366.0,108558.44,108236.81,108558.44,3.4032
2025-09-01 11:00:00,108560.0,108718.62,108471.39,108595.45,3.37311
2025-09-01 11:15:00,108591.08,110105.19,108559.61,108681.83,5.01825
2025-09-01 11:30:00,108681.82,110518.6,108505.99,108505.99,3.81682
2025-09-01 11:45:00,108505.99,109020.01,108505.99,108761.59,45.23989
2025-09-01 12:00:00,108761.59,108934.31,108638.84,108904.93,5.49108
2025-09-01 12:15:00,108904.93,108994.66,108784.03,108968.81,3.51395
